{
  "789 Rte de Rocbaron, 83390 PUJET VILLE": {
    "distance_km": 54.1,
    "duree_min": 42
  },
  "16 Boulevard de Tholon, 13500 MARTIGUES": {
    "distance_km": 90.0,
    "duree_min": 65
  },
  "19 B Chemin Fernand Cammi, 13821 LA PENNE SUR HUVEAUNE": {
    "distance_km": 38.3,
    "duree_min": 33
  },
  "3 Rue du Sergent Chef, 13127 VITROLLES": {
    "distance_km": 71.7,
    "duree_min": 55
  },
  "136 Rue des Argeras, 13340 ROGNAC": {
    "distance_km": 80.7,
    "duree_min": 61
  },
  "Rue Curry, 83130 LA GARDE": {
    "distance_km": 29.9,
    "duree_min": 29
  },
  "95 Avenue Jean Monnet, 13090 AIX EN PROVENCE": {
    "distance_km": 68.9,
    "duree_min": 48
  },
  "Plateau des Marguerites, 13013 MARSEILLE": {
    "distance_km": 50.8,
    "duree_min": 42
  },
  "9 Rue de la Colombiere, 13109 SIMIANE": {
    "distance_km": 70.6,
    "duree_min": 51
  },
  "220 Rue du 8 Mai, 83110 SANARY": {
    "distance_km": 5.2,
    "duree_min": 10
  },
  "13 Rue Robert Dedieu, 13220 CHATEAUNEUF LES": {
    "distance_km": 75.1,
    "duree_min": 58
  },
  "498 Route de la gare, 83110 SANARY SUR MER": {
    "distance_km": 10.5,
    "duree_min": 18
  },
  "93 Rue de la Mairie, 83390 PUGET VILLE": {
    "distance_km": 53.4,
    "duree_min": 42
  },
  "134 Monté des sources, 13390 AURIOL": {
    "distance_km": 43.1,
    "duree_min": 34
  },
  "2 Rue de la République, 13129 ARLES": {
    "distance_km": 123.1,
    "duree_min": 114
  },
  "1 Rue Henri Angelini, 83160 LA VALETTE": {
    "distance_km": 29.8,
    "duree_min": 27
  },
  "62 Rue Liandier, 13008 MARSEILLE": {
    "distance_km": 46.9,
    "duree_min": 38
  },
  "12 Traverse de l’huveaune, 13390 AURIOL": {
    "distance_km": 32.1,
    "duree_min": 27
  },
  "21 Rue de la Paix, 13100 AIX EN PROVENCE": {
    "distance_km": 69.2,
    "duree_min": 50
  },
  "15 Allée du plein midi, 13015 MARSEILLE": {
    "distance_km": 55.6,
    "duree_min": 49
  },
  "9 Avenue Victor Gelu, 13360 ROQUEVAIRE": {
    "distance_km": 35.9,
    "duree_min": 32
  },
  "4 Boulevard Cassini, 13004 MARSEILLE": {
    "distance_km": 50.5,
    "duree_min": 41
  },
  "49 Rue Gioffredo, 06000 NICE": {
    "distance_km": 180.9,
    "duree_min": 128
  },
  "240 Impasse des Amandiers, 83260 LA CRAU": {
    "distance_km": 41.8,
    "duree_min": 38
  },
  "8 Rue Jean de l’hermier, 13700 MARIGNANE": {
    "distance_km": 73.8,
    "duree_min": 57
  },
  "187 Avenue Antoine Mallet, 13114 PUYLOUBIER": {
    "distance_km": 72.6,
    "duree_min": 55
  },
  "32 Avenue Christophe Colomb, 13960 SAUSSET": {
    "distance_km": 86.5,
    "duree_min": 67
  },
  "639 Chemin du moulin, 83860 NANS LES PINS": {
    "distance_km": 56.0,
    "duree_min": 48
  },
  "21 Square des Fuchsias, 13580 LA FARE LES OLIVIERS": {
    "distance_km": 88.1,
    "duree_min": 63
  },
  "123 Avenue de St Charles, 13012 MARSEILLE": {
    "distance_km": 50.2,
    "duree_min": 41
  },
  "73 Traverse du Moulin a Vent, 13015 MARSEILLE": {
    "distance_km": 53.5,
    "duree_min": 45
  },
  "426 Boulevard George Clemenceau, 13300 SALON DE PROVENCE": {
    "distance_km": 100.6,
    "duree_min": 70
  },
  "101 Allee des Mésange, 83136 FORCALQUEIRET": {
    "distance_km": 60.5,
    "duree_min": 48
  },
  "10 Boulevard Auguste compte, 13010 MARSEILLE": {
    "distance_km": 43.7,
    "duree_min": 36
  },
  "17 Chemi des 4 Vents, 13800 ISTRES": {
    "distance_km": 123.6,
    "duree_min": 86
  },
  "20 Chemin Batterie des Lyon, 13007 MARSEILLE": {
    "distance_km": 50.4,
    "duree_min": 45
  },
  "8 Traverse Tamatave, 13002 MARSEILLE": {
    "distance_km": 52.9,
    "duree_min": 41
  },
  "Rue du Batailler, 83980 LE LAVANDOU": {
    "distance_km": 63.3,
    "duree_min": 56
  },
  "Chemin de l’homme rouge, 13600 LA CIOTAT": {
    "distance_km": 13.2,
    "duree_min": 20
  },
  "2 Monte de la belle France, 13015 MARSEILLE": {
    "distance_km": 55.2,
    "duree_min": 47
  },
  "710 Chemin Du Oustaous, 13400 AUBAGNE": {
    "distance_km": 33.0,
    "duree_min": 27
  },
  "101 Avenue Pierre Chevalier, 13012 MARSEILLE": {
    "distance_km": 44.5,
    "duree_min": 34
  },
  "28 Rue de la République, 13710 FUVEAU": {
    "distance_km": 54.1,
    "duree_min": 42
  },
  "23 Avenue du Bousquetier, 13012 MARSEILLE": {
    "distance_km": 47.3,
    "duree_min": 38
  },
  "1155 Avenue de la Collegiale, 83140 SIX FOURS": {
    "distance_km": 19.9,
    "duree_min": 20
  },
  "765 Route de Marseille, 13080 AIX EN PROVENCE": {
    "distance_km": 69.8,
    "duree_min": 52
  },
  "12 Rue Francois Croce, 83500 LA SEYNE SUR MER": {
    "distance_km": 23.5,
    "duree_min": 26
  },
  "480 Chemin de Fumeou, 83160 LA VALETTE DU VAR": {
    "distance_km": 32.1,
    "duree_min": 28
  },
  "2 Rue de Lacepe, 13100 AIX EN PROVENCE": {
    "distance_km": 65.9,
    "duree_min": 49
  },
  "5 Grand Rue, 13880 VELAUX": {
    "distance_km": 81.6,
    "duree_min": 62
  },
  "1 Chemin de la Sartan, 13013 MARSEILLE": {
    "distance_km": 48.5,
    "duree_min": 39
  },
  "626 Chemin du Vallon de l’amandier, 13190 ALLAUCH": {
    "distance_km": 46.8,
    "duree_min": 44
  },
  "6 Rue des Ecrins, 13220 CHATEAU NEUF LES": {
    "distance_km": 75.4,
    "duree_min": 57
  },
  "12 Rue du Chateau, 13960 SAUSSET": {
    "distance_km": 85.2,
    "duree_min": 64
  },
  "18 Plateau des Marguerites, 13013 MARSEILLE": {
    "distance_km": 50.8,
    "duree_min": 42
  },
  "515 Avenue des Charmettes, 13600 LA CIOTAT": {
    "distance_km": 23.4,
    "duree_min": 22
  },
  "24 Rue Gaspard de Besse, 83130 BESSE SUR ISSOLE": {
    "distance_km": 30.8,
    "duree_min": 30
  },
  "3300 Avenue JF Kennedy, 83140 SIX FOURS LES PLAGES": {
    "distance_km": 20.6,
    "duree_min": 21
  },
  "260 C Impasse Jean Olivier, 13600 LA CIOTAT": {
    "distance_km": 23.5,
    "duree_min": 22
  },
  "999 Avenu Dei Reganeu, 83150 BANDOL": {
    "distance_km": 3.0,
    "duree_min": 7
  },
  "14 Rue Marceau, 83170 Tourves": {
    "distance_km": 66.5,
    "duree_min": 58
  },
  "325 Chemin des Milles Ecus, 13190 ALLAUCH": {
    "distance_km": 45.2,
    "duree_min": 41
  },
  "31 Avenue de la Rosiere, 13012 MARSEILLE": {
    "distance_km": 45.9,
    "duree_min": 37
  },
  "14 Rue Felix Gras, 13127 VITROLLES": {
    "distance_km": 72.5,
    "duree_min": 57
  },
  "Route de la légion, 13400 AUBAGNE": {
    "distance_km": 38.3,
    "duree_min": 30
  },
  "690 Chemin de Petegoux, 83210 BELGENTIER": {
    "distance_km": 41.8,
    "duree_min": 59
  },
  "285 Rte du Plan D’aups, 83640 ST ZACHARIE": {
    "distance_km": 46.6,
    "duree_min": 37
  },
  "29 Chemin de la Tuilerie, 13112 LA DESTROUSSE": {
    "distance_km": 35.9,
    "duree_min": 30
  },
  "39 Rue Mouret, 13300 SALON": {
    "distance_km": 100.3,
    "duree_min": 69
  },
  "1500 Chemin du Plan, 84240 LA TOUR D AIGUES": {
    "distance_km": 96.5,
    "duree_min": 70
  },
  "17 Boulevard des Fauvettes, 13012 MARSEILLE": {
    "distance_km": 46.9,
    "duree_min": 38
  },
  "68 Traverse de la Courtaude, 83140 SIX FOURS": {
    "distance_km": 22.8,
    "duree_min": 26
  },
  "5 Impasse Antoine Blaise, 13127 VITROLLES": {
    "distance_km": 71.2,
    "duree_min": 62
  },
  "140 Allée du petit Bois, 83250 LA LONDES": {
    "distance_km": 51.8,
    "duree_min": 45
  },
  "309 Boulevard saint Marcel, 13011 MARSEILLE": {
    "distance_km": 39.3,
    "duree_min": 32
  },
  "Chemin de la grand Pièce, 13600 LA CIOTAT": {
    "distance_km": 15.6,
    "duree_min": 24
  },
  "191 Avenue de la Mediterranée, 13180 GIGNAC": {
    "distance_km": 71.0,
    "duree_min": 52
  },
  "431 B Docteur Amourette, 83000 TOULON": {
    "distance_km": 26.2,
    "duree_min": 27
  },
  "9 Rue du Murier, 83000 TOULON": {
    "distance_km": 24.9,
    "duree_min": 26
  },
  "618 Chemin de la repentance, 83140 SIX FOURS": {
    "distance_km": 14.0,
    "duree_min": 27
  },
  "528 Chemin du Plateau, 83470 SAINT MAXIMIN": {
    "distance_km": 62.4,
    "duree_min": 53
  },
  "54 Allée des Laurier Rose, 83160 LA VALETTE": {
    "distance_km": 31.9,
    "duree_min": 28
  },
  "5 La Canebiere, 13001 MARSEILLE": {
    "distance_km": 49.2,
    "duree_min": 42
  },
  "73 A Rue de Bruys, 13005 MARSEILLE": {
    "distance_km": 47.6,
    "duree_min": 41
  },
  "6 Allée des Trones, 13014 MARSEILLE": {
    "distance_km": 50.1,
    "duree_min": 40
  },
  "Rue du Maravenne, 83250 LA LONDES": {
    "distance_km": 53.0,
    "duree_min": 46
  },
  "99 Italo Ciambellotti, 83160 LA VALETTE DU VAR": {
    "distance_km": 33.5,
    "duree_min": 31
  },
  "18 Boulevard Chancel, 13008 MARSEILLE": {
    "distance_km": 51.6,
    "duree_min": 48
  },
  "180 Allée du vieux Moulin, 83160 LA VALETTE": {
    "distance_km": 33.0,
    "duree_min": 30
  },
  "5 Avenue Marius Cheysson, 13012 MARSEILLE": {
    "distance_km": 46.7,
    "duree_min": 38
  },
  "77 Boulevard des Cigales, 13011 MARSEILLE": {
    "distance_km": 39.5,
    "duree_min": 36
  },
  "27 Rue Sainte, 13001 MARSEILLE": {
    "distance_km": 47.7,
    "duree_min": 43
  },
  "1711 Chemin de St Pierre, 13400 AUBAGNE": {
    "distance_km": 33.2,
    "duree_min": 26
  },
  "225 Chemin de la Glycines, 13250 Saint Chamas": {
    "distance_km": 99.1,
    "duree_min": 77
  },
  "143 Rye Felix Pyat, 13003 MARSEILLE": {
    "distance_km": 51.4,
    "duree_min": 43
  },
  "5 Rue Goyrand, 13110 AIX EN PROVENCE": {
    "distance_km": 67.6,
    "duree_min": 51
  },
  "717 Chemin de la Foret, 83140 SIX FOURS": {
    "distance_km": 23.0,
    "duree_min": 26
  },
  "22 Chemin des sables jaunes, 13012 MARSEILLE": {
    "distance_km": 46.2,
    "duree_min": 36
  },
  "52 Impasse de la Gaudia, 13360 ROQUEVAIRE": {
    "distance_km": 45.0,
    "duree_min": 37
  },
  "161 Rue du Bailli de Suffren, 83220 LE PRADET": {
    "distance_km": 34.4,
    "duree_min": 37
  },
  "50 Boulevard Canlong, 13009 MARSEILLE": {
    "distance_km": 53.1,
    "duree_min": 48
  },
  "4 Impasse du Vallon, 13260 CASSIS": {
    "distance_km": 27.4,
    "duree_min": 27
  },
  "4173 Route de Giens, 83400 HYERES": {
    "distance_km": 50.3,
    "duree_min": 47
  },
  "114 Chemin de la Plaine Buisson, 83400 HYERES": {
    "distance_km": 59.3,
    "duree_min": 92
  },
  "Rte departementale 556, 13650 MEYRARGUES": {
    "distance_km": 84.6,
    "duree_min": 59
  },
  "201 Chemin du Beausset Vieux, 83330 LE BEAUSSET": {
    "distance_km": 7.7,
    "duree_min": 13
  },
  "16 Chemin du Vallon de loriot, 13007 MARSEILLE": {
    "distance_km": 57.6,
    "duree_min": 45
  },
  "28 B Ancienne route de Marseille, 13500 MARSEILLE": {
    "distance_km": 84.0,
    "duree_min": 59
  },
  "20 Rue Vendome, 13100 AIX EN PROVENCE": {
    "distance_km": 67.1,
    "duree_min": 52
  },
  "418 Allée de la plage, 13920 ST MITRE LES RAMPARTS": {
    "distance_km": 92.7,
    "duree_min": 69
  },
  "38 Vallon des Mayans, 13015 MARSEILLE": {
    "distance_km": 59.1,
    "duree_min": 47
  },
  "27 Boulevard du Cabot, 13009 MARSEILLE": {
    "distance_km": 46.1,
    "duree_min": 39
  },
  "1 Chemin des Saliniers, 13250 ST CHAMAS": {
    "distance_km": 98.8,
    "duree_min": 76
  },
  "31Boulevard Henrie Fabre, 13012 MARSEILLE": {
    "distance_km": 46.3,
    "duree_min": 37
  },
  "1 Rue de la paix, 13100 AIX EN PROVENCE": {
    "distance_km": 69.3,
    "duree_min": 50
  },
  "11 Rue des Jasses, 13510 EGUILLES": {
    "distance_km": 78.7,
    "duree_min": 58
  },
  "5 Boulevard des Fauvettes, 13012 MARSEILLE": {
    "distance_km": 46.8,
    "duree_min": 38
  },
  "20 Traverse de la Sablière, 13001 MARSEILLE": {
    "distance_km": 39.0,
    "duree_min": 32
  },
  "13 Boulevard Guizel, 13016 MARSEILLE": {
    "distance_km": 58.9,
    "duree_min": 48
  },
  "14 Impasse de Cannes, 13010 MARSEILLE": {
    "distance_km": 44.3,
    "duree_min": 37
  },
  "179 Impasse Cantebrune, 13360 ROQUEVAIRE": {
    "distance_km": 38.8,
    "duree_min": 36
  },
  "19 Rue des Convalescents, 13001 MARSEILLE": {
    "distance_km": 47.9,
    "duree_min": 44
  },
  "124 Rue Marvivaux, 83150 BANDOL": {
    "distance_km": 6.0,
    "duree_min": 12
  },
  "748 Boulevard de la Marine, 83400 HYERES": {
    "distance_km": 46.8,
    "duree_min": 41
  },
  "39 B Chemin des Cremades, 13580 LA FARE LES OLIVIERS": {
    "distance_km": 85.7,
    "duree_min": 59
  },
  "249 Impasse de l’olivier, 83230 BORMES LES MIMOSAS": {
    "distance_km": 62.4,
    "duree_min": 56
  },
  "151 Chemin des Institutrice, 83200 TOULON": {
    "distance_km": 27.7,
    "duree_min": 32
  },
  "525 Chemin du Moulin, 13140 MIRAMAS": {
    "distance_km": 112.7,
    "duree_min": 77
  },
  "218 Rue Paradis, 13008 MARSEILLE": {
    "distance_km": 47.3,
    "duree_min": 41
  },
  "10 Boulevard Martin Fabre, 13010 MARSEILLE": {
    "distance_km": 45.0,
    "duree_min": 37
  },
  "1773 Chemin des Borrels, 83400 HYERES": {
    "distance_km": 49.9,
    "duree_min": 44
  },
  "5 Rue Rassart, 13390 AURIOL": {
    "distance_km": 42.4,
    "duree_min": 34
  },
  "156 Chemin de la ferme, 84240 GRAMBOIS": {
    "distance_km": 104.1,
    "duree_min": 80
  },
  "231 Boulevard Chave, 13004 MARSEILLE": {
    "distance_km": 46.6,
    "duree_min": 38
  },
  "Ancien chemin de toulon, 83110 SANRY": {
    "distance_km": 7.6,
    "duree_min": 12
  },
  "16 Chemin de St Jaquet, 13720 LA BOUILLADISSE": {
    "distance_km": 44.3,
    "duree_min": 34
  },
  "50 Rue Puit Madame, 13700 MARIGNANE": {
    "distance_km": 72.0,
    "duree_min": 57
  },
  "12 Boulevard Rouvier, 13010 MARSEILLE": {
    "distance_km": 44.6,
    "duree_min": 38
  },
  "81 Avenue des Goumiers, 13008 MARSEILLE": {
    "distance_km": 50.9,
    "duree_min": 45
  },
  "32 Boulevard Bonne Brise, 13008 MARSEILLE": {
    "distance_km": 52.3,
    "duree_min": 50
  },
  "641 Avenue de Claret, 83000 TOULON": {
    "distance_km": 24.2,
    "duree_min": 24
  },
  "4 Allée Claude Debussy, 13110 PORT DE BOUC": {
    "distance_km": 94.3,
    "duree_min": 68
  },
  "4 Place General de Gaulle, 83210 SOLLIES PONT": {
    "distance_km": 40.1,
    "duree_min": 32
  },
  "20 Avenue Joseph Crossetto, 13009 MARSEILLE": {
    "distance_km": 47.8,
    "duree_min": 43
  },
  "23 Rue des Ecoles, 83150 BANDOL": {
    "distance_km": 5.6,
    "duree_min": 12
  },
  "76 Rue Blanc, 83100 TOULON": {
    "distance_km": 29.1,
    "duree_min": 27
  },
  "3 Impasse de la Salette, 13012 MARSEILLE": {
    "distance_km": 41.1,
    "duree_min": 35
  },
  "113 Rue du Dragon, 13006 MARSEILLE": {
    "distance_km": 47.5,
    "duree_min": 43
  },
  "30 Allée de Craponne, 13330 PELISSANE": {
    "distance_km": 101.8,
    "duree_min": 68
  },
  "24 Allée de la Maurelle, 13013 MARSEILLE": {
    "distance_km": 48.8,
    "duree_min": 38
  },
  "7 Boulevard de Loctroi, 13010 MARSEILLE": {
    "distance_km": 43.6,
    "duree_min": 35
  },
  "1745 Chemin 64 C, 13100 LE THOLLONET": {
    "distance_km": 62.3,
    "duree_min": 46
  },
  "15 Chemin de la Bedoule, 13240 SEPTEMES LES VALLONS": {
    "distance_km": 59.4,
    "duree_min": 47
  },
  "522 Rue Henri Pardigon, 83560 VINON SUR VERDON": {
    "distance_km": 114.8,
    "duree_min": 77
  },
  "2 impasse du Vallon, 13260 CASSIS": {
    "distance_km": 27.4,
    "duree_min": 27
  },
  "168 Boulevard Michelet, 13008 MARSEILLE": {
    "distance_km": 48.0,
    "duree_min": 39
  },
  "43 Traverse du Pin Sec, 13013 MARSEILLE": {
    "distance_km": 47.5,
    "duree_min": 47
  },
  "113 Rue de St Pierre, 13005 MARSEILLE": {
    "distance_km": 47.4,
    "duree_min": 42
  },
  "42 Rue Voltaire, 84120 PERTUIS": {
    "distance_km": 90.4,
    "duree_min": 65
  },
  "1028 Boulevard Paul Raphel, 13102 SAINT VICTORET": {
    "distance_km": 67.1,
    "duree_min": 51
  },
  "14 Boulevard Hugues, 13012 MARSEILLE": {
    "distance_km": 45.2,
    "duree_min": 36
  },
  "98 Boulevard Camille Flamarion, 13004 MARSEILLE": {
    "distance_km": 50.7,
    "duree_min": 42
  },
  "166 Chelin de Bourellys, 13240 SEPTEMES LES VALLON": {
    "distance_km": 57.3,
    "duree_min": 45
  },
  "52 Placette des Bastidons, 83110 SANARY": {
    "distance_km": 9.6,
    "duree_min": 18
  },
  "99 Rue de Bonfante, 83200 TOULON": {
    "distance_km": 22.4,
    "duree_min": 23
  },
  "27 IMPASSE Bessorti, 83500 LA SEYNE SUR MER": {
    "distance_km": 23.3,
    "duree_min": 26
  },
  "1 Boulevard St Antoine Ermite, 13230 PORT ST LOUIS DU RHONE": {
    "distance_km": 113.8,
    "duree_min": 87
  },
  "2 Avenue des Amandiers, 13790 PEYNIER": {
    "distance_km": 56.4,
    "duree_min": 44
  },
  "54 Rte de St Zacharie, 13530 TRETS": {
    "distance_km": 59.5,
    "duree_min": 48
  },
  "154 Avenue de L’ermitage, 83200 TOULON": {
    "distance_km": 26.4,
    "duree_min": 29
  },
  "178 Avenue des Chartreux, 13004 MARSEILLE": {
    "distance_km": 50.0,
    "duree_min": 40
  },
  "Chemin des Sophoras, 13120 GARDANNE": {
    "distance_km": 66.6,
    "duree_min": 51
  },
  "1 Avenue Julien Belfort, 83500 LA SEYNE SUR MER": {
    "distance_km": 20.3,
    "duree_min": 22
  },
  "1135 Chemin de Granet, 13090 AIX EN PROVENCE": {
    "distance_km": 73.0,
    "duree_min": 54
  },
  "6 Impasse du rouge gorge, 13490 JOUQUES": {
    "distance_km": 94.0,
    "duree_min": 71
  },
  "999 Avenue Dei Reganeu, 83150 BANDOL": {
    "distance_km": 3.0,
    "duree_min": 7
  },
  "6 Rue Mozart, 13960 SAUSSET LES PINS": {
    "distance_km": 85.9,
    "duree_min": 65
  },
  "55 Rue Pascal, 13005 MARSEILLE": {
    "distance_km": 46.1,
    "duree_min": 37
  },
  "153 Chemin Jacques Casanova, 83500 LA SEYNE SUR MER": {
    "distance_km": 24.3,
    "duree_min": 27
  },
  "31 Rue Roger Salendro, 13500 MARTIGUES": {
    "distance_km": 85.9,
    "duree_min": 64
  },
  "264 Avenue de la Corniche, 83110 SANARY": {
    "distance_km": 10.2,
    "duree_min": 18
  },
  "2850 B Route de Pelissane, 13510 EGUILLES": {
    "distance_km": 93.3,
    "duree_min": 70
  },
  "31 Rue de la république, 13710 FUVEAU": {
    "distance_km": 53.9,
    "duree_min": 41
  },
  "16 Rue des Crottes, 13011 MARSEILLE": {
    "distance_km": 40.4,
    "duree_min": 35
  },
  "49 Chemin du Bousquetier, 13190 ALLAUCH": {
    "distance_km": 51.0,
    "duree_min": 54
  },
  "15 Rue des Huguenots, 83670 TAVERNES": {
    "distance_km": 109.3,
    "duree_min": 82
  },
  "313 Avenue des Arbanais, 83400 HYERES": {
    "distance_km": 51.1,
    "duree_min": 47
  },
  "2 impasse Henri Evrard, 13180 GIGNAC LA NERTHE": {
    "distance_km": 68.7,
    "duree_min": 55
  },
  "134 Traverse de la Penne, 13011 Saint Menet": {
    "distance_km": 37.1,
    "duree_min": 30
  },
  "7 Bis Theophile Paulet, 13600 CEYRESTE": {
    "distance_km": 16.0,
    "duree_min": 25
  },
  "Rue des Rempart, 13790 PEYNIER": {
    "distance_km": 56.1,
    "duree_min": 43
  },
  "72 Traverse de la République, 83270 SAINT CYR SUR MER": {
    "distance_km": 6.1,
    "duree_min": 10
  },
  "4 Rue d ‘alexandrie, 13015 MARSEILLE": {
    "distance_km": 53.4,
    "duree_min": 45
  },
  "337 Avenue Noel Verlaque, 83500 LA SEYNE": {
    "distance_km": 25.0,
    "duree_min": 30
  },
  "12 Place Gabriel Peri, 83640 ST ZACHARIE": {
    "distance_km": 46.6,
    "duree_min": 37
  },
  "Rue Scudery, 13007 MARSEILLE": {
    "distance_km": 50.1,
    "duree_min": 45
  },
  "12 Avenue des Amandiers, 13830 Roquefort la Bedoule": {
    "distance_km": 26.4,
    "duree_min": 22
  },
  "120 Chemin de Cros, 13510 EGUILLES": {
    "distance_km": 76.9,
    "duree_min": 59
  },
  "64 Avenue de l’Espagne, 13110 PORT DE BOUC": {
    "distance_km": 94.0,
    "duree_min": 70
  },
  "6 Impasse des Mouillas, 13008 MARSEILLE": {
    "distance_km": 52.2,
    "duree_min": 48
  },
  "339 Chemin du Val Tendre, 13600 LA CIOTAT": {
    "distance_km": 15.7,
    "duree_min": 24
  },
  "389 Traverse de la Courtaude, 83140 SIX FOURS": {
    "distance_km": 23.2,
    "duree_min": 27
  },
  "7 Avenue des Tilleuls, 13380 PLAN DE CUQUES": {
    "distance_km": 44.3,
    "duree_min": 41
  },
  "11 Boulevard ders Amigas, 83100 TOULON": {
    "distance_km": 25.0,
    "duree_min": 25
  },
  "510 Chemin de Langlade, 13400 AUBAGNE": {
    "distance_km": 33.0,
    "duree_min": 27
  },
  "Route de Berre, 13510 EGUILLES": {
    "distance_km": 76.1,
    "duree_min": 56
  },
  "118 Rue Saint Jean du Désert, 13012 MARSEILLE": {
    "distance_km": 43.8,
    "duree_min": 34
  },
  "198 Rue Kleber, 84120 PERTUIS": {
    "distance_km": 90.1,
    "duree_min": 64
  },
  "26 Chemin du Vallon des Fourches, 13500 MARTIGUES": {
    "distance_km": 84.4,
    "duree_min": 61
  },
  "602 Bis Avenue Etienne Cucca, 13190 ALLAUCH": {
    "distance_km": 47.9,
    "duree_min": 44
  },
  "2 Impasse des Colibris, 13820 ENSUES LA REDONNE": {
    "distance_km": 78.4,
    "duree_min": 62
  },
  "17 Impasse terre Isnarde, 13770 VENELLES": {
    "distance_km": 78.5,
    "duree_min": 55
  },
  "37 Avenue Louis Malosse, 13012 MARSEILLE": {
    "distance_km": 44.7,
    "duree_min": 35
  },
  "Clinique vétérinaire, 13380 CALAS": {
    "distance_km": 53.2,
    "duree_min": 69
  },
  "2 Rue Charles Gounod, 13127 VITROLLES": {
    "distance_km": 71.3,
    "duree_min": 54
  },
  "1381 Corniche de la Coudouliere, 83140 SIX FOURS": {
    "distance_km": 14.0,
    "duree_min": 26
  },
  "20 Chemin Di Oustaou, 13127 VITROLLES": {
    "distance_km": 71.2,
    "duree_min": 62
  },
  "21 Boulevard des Oliviers, 13730 ST VICTORET": {
    "distance_km": 69.0,
    "duree_min": 54
  },
  "195 Avenue Pierre Mendez, 13008 MARSEILLE": {
    "distance_km": 50.9,
    "duree_min": 45
  },
  "51 Rue des fours, 83560 VINON SUR VERDON": {
    "distance_km": 114.6,
    "duree_min": 76
  },
  "200 Boulevard de la Valbarelle, 13011 MARSEILLE": {
    "distance_km": 40.8,
    "duree_min": 35
  },
  "76 Avenue Corot, 13013 MARSEILLE": {
    "distance_km": 49.3,
    "duree_min": 40
  },
  "49 Impasse Saturan, 13005 MARSEILLE": {
    "distance_km": 45.7,
    "duree_min": 39
  },
  "29 Chemin de Saint Esteve, 13120 GARDANNE": {
    "distance_km": 66.0,
    "duree_min": 48
  },
  "4 Traverse du lion, 13016 MARSEILLE": {
    "distance_km": 60.0,
    "duree_min": 51
  },
  "80 Avenue de lettre tassignny, 13090 AIX EN PROVENCE": {
    "distance_km": 70.8,
    "duree_min": 52
  },
  "323 Avenue du Val D’azur, 83110 SANARY": {
    "distance_km": 9.9,
    "duree_min": 18
  },
  "40 Avenue de Bourgogne, 83200 TOULON": {
    "distance_km": 23.2,
    "duree_min": 23
  },
  "33 Traverse du Tonkin, 13010 MARSEILLE": {
    "distance_km": 44.5,
    "duree_min": 37
  },
  "286 Chemin des Salins, 83390 ST TROPEZ": {
    "distance_km": 96.6,
    "duree_min": 99
  },
  "5 Impasse de la Marotte, 13380 Plan de Cuques": {
    "distance_km": 47.5,
    "duree_min": 46
  },
  "Route de Courroux, 13680 LANCON DE PROVENCE": {
    "distance_km": 95.0,
    "duree_min": 66
  },
  "Residence Provence Village, 83270 ST CYR SUR MER": {
    "distance_km": 6.3,
    "duree_min": 11
  },
  "435 Chemin dՎgailles, 13090 AIX EN PROVENCE": {
    "distance_km": 71.9,
    "duree_min": 50
  },
  "5 Allée des porte de la mer, 13117 MARTIGUES": {
    "distance_km": 93.2,
    "duree_min": 70
  },
  "34 Avenue Général Koeing, 13100 AIX EN PROVENCE": {
    "distance_km": 70.6,
    "duree_min": 53
  },
  "1310 Rue Eugene Bertrand, 13770 VENELLES": {
    "distance_km": 80.3,
    "duree_min": 54
  },
  "69 Avenue Jean Jaures, 83220 CARQUEIRANNE": {
    "distance_km": 41.0,
    "duree_min": 39
  },
  "436 Montée Leonce Chassaing, 13190 ALLAUCH": {
    "distance_km": 43.1,
    "duree_min": 38
  },
  "236 Rue Sabetier, 13170 LES PENNES MIRABAU": {
    "distance_km": 57.7,
    "duree_min": 46
  },
  "23 Boulevard Boisson, 13004 MARSEILLE": {
    "distance_km": 47.3,
    "duree_min": 40
  },
  "17 Rue Armand Sauvat, 83500 LA SEYNE SUR MER": {
    "distance_km": 24.7,
    "duree_min": 30
  },
  "50 Avenue du Littoral, 83150 BANDOL": {
    "distance_km": 6.8,
    "duree_min": 14
  },
  "12 Rue de L invent, 83240 CABRIERES D AIGUES": {
    "distance_km": 102.5,
    "duree_min": 77
  },
  "10 Plage de l’estaque, 13016 MARSEILLE": {
    "distance_km": 58.2,
    "duree_min": 47
  },
  "9 Rue Montévideo, 13006 MARSEILLE": {
    "distance_km": 47.5,
    "duree_min": 44
  },
  "700 Avenue Auguste Renoir, 83500 LA SEYNE SUR MER": {
    "distance_km": 22.7,
    "duree_min": 26
  },
  "1 Monté du Zouave, 13360 ROQUEVAIRE": {
    "distance_km": 38.8,
    "duree_min": 36
  },
  "80 Allée des acacias, 83260 LA CRAU": {
    "distance_km": 39.2,
    "duree_min": 34
  },
  "490 Chemin des Severiers Nord, 13600 LA CIOTAT": {
    "distance_km": 22.8,
    "duree_min": 22
  },
  "26 Impasse Trollat, 13009 MARSEILLE": {
    "distance_km": 45.9,
    "duree_min": 39
  },
  "916 Chemin du Roller, 83210 LA FARLEDE": {
    "distance_km": 36.5,
    "duree_min": 31
  },
  "577 Allée des Giammini, 83160 LA VALETTE DU VAR": {
    "distance_km": 32.7,
    "duree_min": 29
  },
  "247 Rue Ernest Renan, 83000 TOULON": {
    "distance_km": 26.0,
    "duree_min": 28
  },
  "30 Avenue Marie Balajat, 13009 MARSEILLE": {
    "distance_km": 50.0,
    "duree_min": 43
  },
  "35 Avenue des Colgates, 13009 MARSEILLE": {
    "distance_km": 44.5,
    "duree_min": 48
  },
  "BASTIDE DE ST JEAN, 13600 LA CIOTAT": {
    "distance_km": 13.5,
    "duree_min": 21
  },
  "124 Rue Arcole, 83110 SANARY": {
    "distance_km": 9.1,
    "duree_min": 15
  },
  "59 Rue Carnot, 83310 COGOLIN": {
    "distance_km": 83.9,
    "duree_min": 76
  },
  "15 B Joseph Roubaud, 13380 Plan de Cuques": {
    "distance_km": 46.7,
    "duree_min": 44
  },
  "50 impasse des mouettes, 13400 AUBAGNE": {
    "distance_km": 32.6,
    "duree_min": 27
  },
  "5 Rue Clovis Hugues, 13127 VITROLLES": {
    "distance_km": 72.7,
    "duree_min": 58
  },
  "1496 Avenue des Chabauds, 13220 BOUC BEL AIR": {
    "distance_km": 63.7,
    "duree_min": 49
  },
  "222 Rue Victor Thouron, 83000 TOULON": {
    "distance_km": 30.9,
    "duree_min": 30
  },
  "4 Rue des Boucheries, 83330 LE CAS": {
    "distance_km": 6.9,
    "duree_min": 14
  },
  "9 Avenue de la Panouse, 13009 MARSEILLE": {
    "distance_km": 46.5,
    "duree_min": 40
  },
  "11 Rue des Alouettes, 13820 ENSUES": {
    "distance_km": 79.1,
    "duree_min": 64
  },
  "Bastide de St Jean, 13600 LA CIOTAT": {
    "distance_km": 13.5,
    "duree_min": 21
  },
  "26 Avenue de la cote bleu, 13960 SAUSSET LES PINS": {
    "distance_km": 86.5,
    "duree_min": 66
  },
  "23 Chemin de l’union, 13720 LA BOUILLADISSE": {
    "distance_km": 44.6,
    "duree_min": 34
  },
  "1 Bis Boulevard Anatole France, 13600 LA CIOTAT": {
    "distance_km": 24.6,
    "duree_min": 28
  },
  "9 Boulevard du Belvedere, 13016 MARSEILLE": {
    "distance_km": 60.4,
    "duree_min": 51
  },
  "225 Avenue Alain le Leap, 83220 LE PRADET": {
    "distance_km": 33.2,
    "duree_min": 33
  },
  "11 Avenue Georges Carnus, 13700 MARIGNANE": {
    "distance_km": 73.5,
    "duree_min": 56
  },
  "9 Rue du Docteur Aurran, 83000 TOULON": {
    "distance_km": 23.9,
    "duree_min": 23
  },
  "854 Avenue de la libération, 83160 LA VALETTE": {
    "distance_km": 31.5,
    "duree_min": 28
  },
  "Allée des Fauvettes, 13710 FUVEAU": {
    "distance_km": 54.7,
    "duree_min": 43
  },
  "2 Allée Hector Berlioz, 83136 GAREOULT": {
    "distance_km": 43.0,
    "duree_min": 52
  },
  "4 Avenue Ernest Marguery, 83270 SAINT CYR SUR MER": {
    "distance_km": 7.0,
    "duree_min": 12
  },
  "4173 Route de giens, 83400 HYERES": {
    "distance_km": 50.3,
    "duree_min": 47
  },
  "2 place de la Paix, 83470 Pourcieux": {
    "distance_km": 69.3,
    "duree_min": 57
  },
  "174 Avenue Jean Mermoz, 83110 SANARY": {
    "distance_km": 9.8,
    "duree_min": 18
  },
  "96 Chemin du Jas de la Claire, 83330 LE BRULAT DU CAS": {
    "distance_km": 7.4,
    "duree_min": 13
  },
  "255 Impasse de la Royante, 13400 AUBAGNE": {
    "distance_km": 35.7,
    "duree_min": 33
  },
  "285 Rue des Forbin, 84530 VILLELAURE": {
    "distance_km": 95.4,
    "duree_min": 68
  },
  "33 Boulevard Boisson, 13004 MARSEILLE": {
    "distance_km": 47.3,
    "duree_min": 40
  },
  "13 Rue des Marseillais, 13100 AIX EN PROVENCE": {
    "distance_km": 69.9,
    "duree_min": 54
  },
  "82 Rue du commandant Roland, 13008 MARSEILLE": {
    "distance_km": 48.6,
    "duree_min": 40
  },
  "25 Chemin des Chasseurs, 83150 BANDOL": {
    "distance_km": 6.5,
    "duree_min": 13
  },
  "1269 Chemin départementale 15, 13610 LE PUY SAINTE REPARADE": {
    "distance_km": 90.0,
    "duree_min": 64
  },
  "3 La Cour Damour, 13127 VITROLLES": {
    "distance_km": 70.3,
    "duree_min": 52
  },
  "5 B Avenue Manon, 13012 MARSEILLE": {
    "distance_km": 46.4,
    "duree_min": 37
  },
  "1420 Chemin de Granet, 13090 AIX EN PROVENCE": {
    "distance_km": 72.5,
    "duree_min": 53
  },
  "8 Impasse des Pivoines, 83330 LE BEAUSSET": {
    "distance_km": 7.9,
    "duree_min": 13
  },
  "29 A Rue Doran, 13004 MARSEILLE": {
    "distance_km": 47.8,
    "duree_min": 43
  },
  "4 Rue Parmentier, 13120 GARDANNE": {
    "distance_km": 60.8,
    "duree_min": 49
  },
  "356 Chemin Aimé Genoud, 83500 LA SEYNE SUR MER": {
    "distance_km": 21.9,
    "duree_min": 26
  },
  "75 Avenue Noel Verlaque, 83500 LA SEYNE SUR MER": {
    "distance_km": 24.9,
    "duree_min": 29
  },
  "Chemin de l’homme Rouge, 13600 LA CIOTAT": {
    "distance_km": 13.2,
    "duree_min": 20
  },
  "4 Impasse Ecureil, 13220 CHATEAU NEUF LES": {
    "distance_km": 80.1,
    "duree_min": 58
  },
  "13 Bis rue de Lorraine, 83160 LA VALETTE": {
    "distance_km": 30.8,
    "duree_min": 27
  },
  "12 Rue Amedeo Modigliani, 13180 GIGNAC LA NERTHE": {
    "distance_km": 72.4,
    "duree_min": 56
  },
  "390 Rue Ernest Renan, 83000 TOULON": {
    "distance_km": 25.8,
    "duree_min": 27
  },
  "5 Traverse Amédée Pierre, 13016 MARSEILLE": {
    "distance_km": 58.3,
    "duree_min": 48
  },
  "Impasse des Negrel, 13720 LA BOUILLADISSE": {
    "distance_km": 62.2,
    "duree_min": 50
  },
  "29 Hammau des Pins, 83136 FORCALQUEIRET": {
    "distance_km": 61.2,
    "duree_min": 50
  },
  "Rue Montserrat, 83200 TOULON": {
    "distance_km": 22.6,
    "duree_min": 23
  },
  "26 Avenue Frederic Mistral, 83640 ST ZACHARIE": {
    "distance_km": 46.6,
    "duree_min": 37
  },
  "37 Allée des Tamaris, 13130 BERRE L ETANG": {
    "distance_km": 81.9,
    "duree_min": 62
  },
  "439 Boulevard Bois Maurin, 83150 BANDOL": {
    "distance_km": 4.7,
    "duree_min": 9
  },
  "20 Boulevard Pardigon, 13004 MARSEILLE": {
    "distance_km": 50.9,
    "duree_min": 42
  },
  "226 Chemin de la Pelouque, 13016 MARSEILLE": {
    "distance_km": 58.3,
    "duree_min": 47
  },
  "55 Rue des Myosotis, 13130 GARDANNE": {
    "distance_km": 56.4,
    "duree_min": 46
  },
  "3 Rue Magenta, 13530 TRETZ": {
    "distance_km": 60.1,
    "duree_min": 50
  },
  "54 Rue Henri Tomasi, 13009 MARSEILLE": {
    "distance_km": 42.6,
    "duree_min": 44
  },
  "24 Chemin de Bellevue, 13015 MARSEILLE": {
    "distance_km": 43.8,
    "duree_min": 39
  },
  "27 Boulevard Beranger, 13015 MARSEILLE": {
    "distance_km": 58.5,
    "duree_min": 48
  },
  "299 Rue de Lyon, 13015 MARSEILLE": {
    "distance_km": 53.7,
    "duree_min": 45
  },
  "5 Rue Jeanne D’arc, 84120 PERTUIS": {
    "distance_km": 91.4,
    "duree_min": 63
  },
  "Impasse des Baux, 13010 MARSEILLE": {
    "distance_km": 40.9,
    "duree_min": 36
  },
  "13100 AIX EN PROVENCE": {
    "distance_km": 72.9,
    "duree_min": 63
  },
  "100 Avenue de la Panouse, 13009 MARSEILLE": {
    "distance_km": 47.2,
    "duree_min": 42
  },
  "15 Avenue des Grillons, 83430 ST MANDRIER": {
    "distance_km": 30.1,
    "duree_min": 40
  },
  "Chemin de l’oratoire, 13480 CABRIES": {
    "distance_km": 68.4,
    "duree_min": 56
  },
  "181 Chemin de lՎtourneau, 13104 ARLES": {
    "distance_km": 135.5,
    "duree_min": 90
  },
  "25 Rue de L’hôtel, 13270 FOS SUR MER": {
    "distance_km": 102.7,
    "duree_min": 75
  },
  "922 Avenue Fernand Gassion, 13600 LA CIOTAT": {
    "distance_km": 22.8,
    "duree_min": 22
  },
  "460 Chemin d Antonelle, 13090 AIX EN PROVENCE": {
    "distance_km": 73.6,
    "duree_min": 51
  },
  "19 Rue de la République, 83210 SOLLIES PONT": {
    "distance_km": 40.0,
    "duree_min": 32
  },
  "705 Chemin de la Repentance, 83140 SIX FOURS": {
    "distance_km": 13.7,
    "duree_min": 26
  },
  "3 Rue de Rompecul, 83390 CUERS": {
    "distance_km": 46.3,
    "duree_min": 40
  },
  "4 Boulevard Tricon, 13008 MARSEILLE": {
    "distance_km": 50.9,
    "duree_min": 46
  },
  "1 Rue de Nice, 13790 PEYNIER": {
    "distance_km": 58.3,
    "duree_min": 47
  },
  "172 Chemin du Clos, 13350 AURIOL": {
    "distance_km": 42.5,
    "duree_min": 33
  },
  "170 Route des Camions, 13011 MARSEILLE": {
    "distance_km": 39.5,
    "duree_min": 33
  },
  "15 Rue Levat, 13003 MARSEILLE": {
    "distance_km": 52.2,
    "duree_min": 45
  },
  "Chemin des Cadierien, 83270 ST CYR SUR MER": {
    "distance_km": 6.3,
    "duree_min": 11
  },
  "1allée du petit Gour, 13500 MARTIGUES": {
    "distance_km": 91.0,
    "duree_min": 68
  },
  "4 Rue Jules Massenet, 13480 CABRIES": {
    "distance_km": 68.7,
    "duree_min": 56
  },
  "4 Impasse Lariano, 13960 SAUSSET LES PINS": {
    "distance_km": 83.0,
    "duree_min": 66
  },
  "866 Chemin de l’homme Rouge, 13600 LA CIOTAT": {
    "distance_km": 13.5,
    "duree_min": 21
  },
  "140 Rue Consolat, 13001 MARSEILLE": {
    "distance_km": 48.1,
    "duree_min": 44
  },
  "541 Rue du Gassin, 13105 MIMET": {
    "distance_km": 53.5,
    "duree_min": 44
  },
  "74 Allée des Genets, 13124 PEYPIN": {
    "distance_km": 45.6,
    "duree_min": 36
  },
  "1720 Rte du colonel Maurice Bellec, 13540 PUYRICARD": {
    "distance_km": 74.9,
    "duree_min": 53
  },
  "161 Rue du Bailli, 83220 LE PRADET": {
    "distance_km": 32.2,
    "duree_min": 32
  },
  "68 Traverse de la Coutaude, 83140 SIX FOURS": {
    "distance_km": 22.8,
    "duree_min": 26
  },
  "82 Traverse Rompe Cuou, 13600 LA CIOTAT": {
    "distance_km": 24.4,
    "duree_min": 25
  },
  "507 Chemin de la Perussonne, 13400 AUBAGNE": {
    "distance_km": 40.2,
    "duree_min": 34
  },
  "3 Rue Grande Fusterie, 84000 AVIGNON": {
    "distance_km": 152.9,
    "duree_min": 98
  },
  "25 Rue Georges, 13800 ISTRES": {
    "distance_km": 111.0,
    "duree_min": 74
  },
  "215 Allée des Colibris, 13400 AUBAGNE": {
    "distance_km": 34.6,
    "duree_min": 32
  },
  "80 Avenue du soleil Levant, 13600 LA CIOTAT": {
    "distance_km": 24.0,
    "duree_min": 24
  },
  "890 Chemin de la Canolle, 83110 SANARY": {
    "distance_km": 6.2,
    "duree_min": 11
  },
  "80 Avenue de Lattre Tassigny, 13090 AIX EN PROVENCE": {
    "distance_km": 70.8,
    "duree_min": 52
  },
  "143 Boulevard Marius Bremond, 13015 MARSEILLE": {
    "distance_km": 59.3,
    "duree_min": 49
  },
  "62 Chemin des Sources, 13500 MARTIGUES": {
    "distance_km": 90.1,
    "duree_min": 64
  },
  "2 Quai des Girondins, 13500 MARTIGUES": {
    "distance_km": 89.6,
    "duree_min": 65
  },
  "17 Monté de la Rotonde, 13007 MARSEILLE": {
    "distance_km": 50.4,
    "duree_min": 43
  },
  "33 Bis Route Nationale, 13080 GARDANNE": {
    "distance_km": 68.0,
    "duree_min": 49
  },
  "12 Rue Casile, 13016 MARSEILLE": {
    "distance_km": 57.8,
    "duree_min": 46
  },
  "93 LES MAS DE LA CHESNAIS, 83250 LA LONDES": {
    "distance_km": 51.4,
    "duree_min": 45
  },
  "1140 Route de la Calade, 13100 AIX EN PROVENCE": {
    "distance_km": 75.9,
    "duree_min": 53
  },
  "11 Traverse Brosseau, 13016 MARSEILLE": {
    "distance_km": 58.8,
    "duree_min": 49
  },
  "308 Rue Kleber, 83100 TOULON": {
    "distance_km": 25.9,
    "duree_min": 28
  },
  "291 Avenue des Arcoules, 84300 CAVAILLON": {
    "distance_km": 125.7,
    "duree_min": 82
  },
  "Hammau de la plage, 13600 LA CIOTAT": {
    "distance_km": 15.1,
    "duree_min": 24
  },
  "82 Lotissement de la Chesnaie, 83250 LA LONDES": {
    "distance_km": 58.7,
    "duree_min": 52
  },
  "24 Allee Jules Raimu, 13500 MARSEILLE": {
    "distance_km": 91.3,
    "duree_min": 68
  },
  "436 Carraire de Vaumartin, 13650 MEYRARGUES": {
    "distance_km": 85.9,
    "duree_min": 59
  },
  "3450 Chemin de Planestrel, 83136 MEOUNES": {
    "distance_km": 36.6,
    "duree_min": 46
  },
  "318 Avenue d’aix, 13320 BOUC BEL AIR": {
    "distance_km": 70.1,
    "duree_min": 53
  },
  "24 Rue Augustin, 13006 MARSEILLE": {
    "distance_km": 46.6,
    "duree_min": 39
  },
  "12 Chemin du Coulet, 13260 CASSIS": {
    "distance_km": 26.8,
    "duree_min": 25
  },
  "12 Avenue du Prado, 83110 SANARY": {
    "distance_km": 7.7,
    "duree_min": 13
  },
  "530 Chemin du Gari, 13270 FOS SUR MER": {
    "distance_km": 99.7,
    "duree_min": 73
  },
  "12 Allée des Mimosas, 13600 LA CIOTAT": {
    "distance_km": 16.2,
    "duree_min": 26
  },
  "Chemin des 4 familles, 13190 ALLAUCH": {
    "distance_km": 44.3,
    "duree_min": 39
  },
  "17 Acienne route de Marseille, 13500 MARTIGUES": {
    "distance_km": 84.2,
    "duree_min": 60
  }
}